insert into Kullanici (id,adi,soyadi,email,telefon) values (1, 'ali', 'kaya', 'ali@mail.com', '3121112201')
insert into Kullanici (id,adi,soyadi,email,telefon) values (2, 'mehmet', 'uzun', 'mehmet@mail.com', '3121112202')
insert into Kullanici (id,adi,soyadi,email,telefon) values (3, 'ayşe', 'demir', 'ayse@mail.com', '3121112203')
insert into Kullanici (id,adi,soyadi,email,telefon) values (4, 'fatma', 'çelik', 'fatma@mail.com', '3121112204')
insert into Kullanici (id,adi,soyadi,email,telefon) values (5, 'ali', 'demir', 'alidemir@mail.com', '3121112205')

insert into Urun (id,adi,fiyat,son_kullanma_tarihi) values (1, 'peynir', 100, '2022-05-05')
insert into Urun (id,adi,fiyat,son_kullanma_tarihi) values (2, 'zeytin', 120, '2023-05-05')
insert into Urun (id,adi,fiyat,son_kullanma_tarihi) values (3, 'domates', 130, '2022-08-15')
insert into Urun (id,adi,fiyat) values (4, 'telefon', 200 )

insert into Urun_Yorum (id,yorum,yorum_tarihi,kullanici_id,urun_id) values (1, 'test yorum 1', '2022-01-01', 1, 1)
insert into Urun_Yorum (id,yorum,yorum_tarihi,kullanici_id,urun_id) values (2, 'test yorum 22', '2022-02-01', 1, 2)
insert into Urun_Yorum (id,yorum,yorum_tarihi,kullanici_id,urun_id) values (3, 'test yorum 333', '2022-01-05', 1, 3)
insert into Urun_Yorum (id,yorum,yorum_tarihi,kullanici_id,urun_id) values (4, 'test yorum 4444', '2022-01-03', 1, 4)
insert into Urun_Yorum (id,yorum,yorum_tarihi,kullanici_id,urun_id) values (5, 'asd qwe 1', '2022-02-03', 2, 1)
insert into Urun_Yorum (id,yorum,yorum_tarihi,kullanici_id,urun_id) values (6, 'asd qwe 22', '2022-02-10', 2, 2)
insert into Urun_Yorum (id,yorum,yorum_tarihi,kullanici_id,urun_id) values (7, 'asd qwe 333', '2022-01-12', 2, 3)
insert into Urun_Yorum (id,yorum,yorum_tarihi,kullanici_id,urun_id) values (8, 'asd qwe 4444', '2022-01-03', 2, 4)
insert into Urun_Yorum (id,yorum,yorum_tarihi,kullanici_id,urun_id) values (9, 'aaa 1', '2022-04-03', 3, 1)
insert into Urun_Yorum (id,yorum,yorum_tarihi,kullanici_id,urun_id) values (10, 'aaa 22', '2022-04-10', 3, 2)
insert into Urun_Yorum (id,yorum,yorum_tarihi,kullanici_id,urun_id) values (11, 'aaa 333', '2022-05-12', 3, 3)
insert into Urun_Yorum (id,yorum,yorum_tarihi,kullanici_id,urun_id) values (12, 'aaa 4444', '2022-03-03', 3, 4)
insert into Urun_Yorum (id,yorum,yorum_tarihi,kullanici_id,urun_id) values (13, 'zxczxc 1', '2022-04-13', 4, 1)
insert into Urun_Yorum (id,yorum,yorum_tarihi,kullanici_id,urun_id) values (14, 'zxczxc 22', '2022-07-14', 4, 2)
insert into Urun_Yorum (id,yorum,yorum_tarihi,kullanici_id,urun_id) values (15, 'zxczxc 333', '2022-02-12', 4, 3)
insert into Urun_Yorum (id,yorum,yorum_tarihi,kullanici_id,urun_id) values (16, 'zxczxc 4444', '2022-04-04', 4, 4)
insert into Urun_Yorum (id,yorum,yorum_tarihi,kullanici_id,urun_id) values (17, 'ggg hhh 1', '2022-02-13', 5, 1)
insert into Urun_Yorum (id,yorum,yorum_tarihi,kullanici_id,urun_id) values (18, 'ggg hhh 22', '2022-04-10', 5, 2)
insert into Urun_Yorum (id,yorum,yorum_tarihi,kullanici_id,urun_id) values (19, 'ggg hhh 333', '2022-01-16', 5, 3)
insert into Urun_Yorum (id,yorum,yorum_tarihi,kullanici_id,urun_id) values (20, 'ggg hhh 4444', '2022-01-04', 5, 4)